"Latest: Time (s)","Latest: Temperature (Â°C)"
0,23.7440854344
0.5,23.7832877192
1,23.8210353418
1.5,23.8544252815
2,23.8936195955
2.5,23.9255536871
3,23.9545831362
3.5,23.9807084036
4,24.0082838227
4.5,24.0315042451
5,24.0561749731
5.5,24.0779424428
6,24.0997091543
6.5,24.1301812948
7,24.1461423156
7.5,24.1737104315
8,24.1969247957
8.5,24.2215891785
9,24.2419003529
9.5,24.2622109302
10,24.2854222975
10.5,24.3028303251
11,24.3245897676
11.5,24.343447426
12,24.3681067162
12.5,24.3811613064
13,24.4000175408
13.5,24.4188733131
14,24.4435301746
14.5,24.4652855927
15,24.4855901203
15.5,24.5073444134
16,24.5348990375
16.5,24.5653531121
17,24.590005631
17.5,24.6190077218
18,24.6407586839
18.5,24.6654091595
19,24.6842590909
19.5,24.7045586059
20,24.7161581402
20.5,24.7335571884
21,24.7480561663
21.5,24.7640048052
22,24.7727039595
22.5,24.7843027197
23,24.798800992
23.5,24.8132990691
24,24.8277969538
24.5,24.8393951249
25,24.8480936745
25.5,24.8640408424
26,24.8712894818
26.5,24.878538076
27,24.8857866253
27.5,24.8973842116
28,24.9017332773
28.5,24.9046326458
29,24.9118810363
29.5,24.9147803804
30,24.9205790478
30.5,24.9249280304
31,24.9263776879
31.5,24.93072665
32,24.9336259496
32.5,24.9408741691
33,24.9408741691
33.5,24.942323808
34,24.9481223468
34.5,24.9495719773
35,24.9510216062
35.5,24.953920859
36,24.9582697259
36.5,24.9582697259
37,24.9568201052
37.5,24.9611689622
38,24.9611689622
38.5,24.9626185779
39,24.9611689622
39.5,24.9611689622
40,24.964068192
40.5,24.964068192
41,24.964068192
41.5,24.964068192
42,24.964068192
42.5,24.9611689622
43,24.9611689622
43.5,24.9597193449
44,24.9582697259
44.5,24.9611689622
45,24.955370483
45.5,24.9524712335
46,24.9524712335
46.5,24.9466727146
47,24.9466727146
47.5,24.942323808
48,24.9408741691
48.5,24.9350755969
49,24.93072665
49.5,24.9278273436
50,24.9249280304
50.5,24.9205790478
51,24.9162300498
51.5,24.9104313617
52,24.9060823273
52.5,24.9017332773
53,24.8959345195
53.5,24.89303513
54,24.8799877894
54.5,24.8770883608
55,24.8698397576
55.5,24.8640408424
56,24.8538926704
56.5,24.8466439209
57,24.8393951249
57.5,24.8350458248
58,24.8219978228
58.5,24.8147488662
59,24.8074998615
59.5,24.798800992
60,24.78720239
60.5,24.7785033555
61,24.7683543914
61.5,24.7596552008
62,24.7509559372
62.5,24.7408067032
63,24.730657368
63.5,24.7219578565
64,24.71035839
64.5,24.701658701
65,24.6886090226
65.5,24.6784591515
66,24.671209178
66.5,24.6567090654
67,24.6465588541
67.5,24.6320583607
68,24.6161075546
68.5,24.608857096
69,24.5929058822
69.5,24.5798546772
70,24.5697036068
70.5,24.5523014975
71,24.5377994721
71.5,24.5276479079
72,24.5145957178
72.5,24.4986427649
73,24.4870404244
73.5,24.4725372679
74,24.4565834963
74.5,24.4420797923
75,24.429026232
75.5,24.410170706
76,24.3985670777
76.5,24.3840622958
77,24.3666561922
77.5,24.3521507981
78,24.3361945377
78.5,24.3245897676
79,24.3071822659
79.5,24.2897743442
80,24.2752674182
80.5,24.2578587135
81,24.2448019003
81.5,24.2244908117
82,24.207080827
82.5,24.1896703937
83,24.1722595069
83.5,24.1577500846
84,24.1359853479
84.5,24.120024076
85,24.1040624064
85.5,24.0822958455
86,24.0648820526
86.5,24.0445653425
87,24.0315042451
87.5,24.0111864244
88,23.9937706033
88.5,23.974902889
89,23.9545831362
89.5,23.9386171196
90,23.9197476217
90.5,23.8994259276
91,23.8805551296
91.5,23.8602320206
92,23.8413598951
92.5,23.825390667
93,23.8007100281
93.5,23.7876433496
94,23.7644129085
94.5,23.7455374229
95,23.7237571698
95.5,23.7048802093
96,23.6874547061
96.5,23.6642197723
97,23.6453405988
97.5,23.6250083815
98,23.6046753271
98.5,23.5828889738
99,23.5669116925
99.5,23.5465762026
100,23.5247872144
100.5,23.5059026113
101,23.4812062103
101.5,23.4637726643
102,23.441979801
102.5,23.4216388542
103,23.4012969905
103.5,23.3809542019
104,23.3577041579
104.5,23.3359061244
105,23.3126536857
105.5,23.2937601567
106,23.2748657937
106.5,23.2516100387
107,23.2327137921
107.5,23.2109093682
108,23.1949187283
108.5,23.168750885
109,23.1469430659
109.5,23.1265880397
110,23.1004157725
110.5,23.0800583728
111,23.0596999214
111.5,23.0393404102
112,23.0160710894
112.5,22.997163731
113,22.9709827664
113.5,22.9477092789
114,22.9200701382
114.5,22.8909740865
115,22.8633307078
115.5,22.8342301501
116,22.8051272467
116.5,22.784753806
117,22.7600130554
117.5,22.7352705664
118,22.7163486575
118.5,22.6945144034
119,22.6755902644
119.5,22.6493858828
120,22.6260914022
120.5,22.6057074114
121,22.5824099022
121.5,22.5605670048
122,22.5387226622
122.5,22.515420426
123,22.4921165219
123.5,22.4688109378
124,22.4513306397
124.5,22.4251083965
125,22.4017979138
125.5,22.3799427676
126,22.3551717535
126.5,22.3333133343
127,22.3129107446
127.5,22.2910493194
128,22.2662711393
128.5,22.245864055
129,22.2225399757
129.5,22.1992140742
130,22.1744282936
130.5,22.1554730548
131,22.1336001011
131.5,22.1102671394
132,22.0883907791
132.5,22.0650541606
133,22.0431743502
133.5,22.0183751942
134,21.9950328215
134.5,21.9746066522
135,21.9527198106
135.5,21.9279126346
136,21.9045626642
136.5,21.8797511387
137,21.8636954175
137.5,21.8345007567
138,21.8111427472
138.5,21.7921628622
139,21.7673409685
139.5,21.7454373627
140,21.7235319321
140.5,21.7030852081
141,21.6826368772
141.5,21.6563437912
142,21.6329699031
142.5,21.6110549428
143,21.5847544971
143.5,21.5686806563
144,21.543837246
144.5,21.5219145424
145,21.4970664774
145.5,21.475139643
146,21.4546728361
146.5,21.431280106
147,21.4049606001
147.5,21.384487897
148,21.3625509286
148.5,21.3406119541
149,21.3186709629
149.5,21.2923390968
150,21.2733198123
150.5,21.249909349
151,21.2279599112
151.5,21.2030813782
152,21.182591167
152.5,21.1591715505
153,21.1313576466
153.5,21.1093969034
154,21.0888982907
154.5,21.0654690246
155,21.0420373141
155.5,21.0229972406
156,21.0010259002
156.5,20.9805173498
157,20.9629370746
157.5,20.9394945187
158,20.9145840487
158.5,20.8882051469
159,20.8647545342
159.5,20.8427672649
160,20.8207777396
160.5,20.7987859477
161,20.7767918785
161.5,20.7562620166
162,20.7283968577
162.5,20.7078622634
163,20.6858586681
163.5,20.6638527406
164,20.6433117612
164.5,20.6227687323
165,20.5978208575
165.5,20.5816764903
166,20.5567235825
166.5,20.5332356826
167,20.5126815243
167.5,20.4906568754
168,20.4686297989
168.5,20.446600284
169,20.4245683198
169.5,20.4025338956
170,20.3834353963
170.5,20.3540494494
171,20.3364157541
171.5,20.3143713811
172,20.2937943647
172.5,20.2688050304
173,20.2511635394
173.5,20.229109384
174,20.2085231993
174.5,20.1879347788
175,20.1599897587
175.5,20.1379249657
176,20.115857571
176.5,20.095258979
177,20.0717149327
177.5,20.0511114337
178,20.0275617559
178.5,20.0084254177
179,19.9848702516
179.5,19.9495317853
180,19.9289144961
180.5,19.8935650829
181,19.8582086972
181.5,19.8302132504
182,19.8081084602
182.5,19.7860009036
183,19.7668387747
183.5,19.7432517415
184,19.7211360056
184.5,19.7004921168
185,19.6813205916
185.5,19.6606719559
186,19.6414960071
186.5,19.6164165347
187,19.5928089662
187.5,19.5736254086
188,19.5529637692
188.5,19.5308234994
189,19.5101566253
189.5,19.4865342285
190,19.4702918983
190.5,19.4496175564
191,19.4304176541
191.5,19.4038295047
192,19.3816694459
192.5,19.3654168412
193,19.3417738163
193.5,19.3225613434
194,19.2989121155
194.5,19.2811729366
195,19.2619533014
195.5,19.2382952262
196,19.2161126231
196.5,19.1998434318
197,19.1791347955
197.5,19.1628618383
198,19.1421483941
198.5,19.1140329623
199,19.1007133804
199.5,19.0740708368
200,19.0548261882
200.5,19.0296565371
201,19.0074446474
201.5,18.9852295823
202,18.9615299999
202.5,18.9422714097
203,18.9200469638
203.5,18.9007831725
204,18.869659611
204.5,18.8474246011
205,18.8281516237
205.5,18.8059105217
206,18.7851492004
206.5,18.761418465
207,18.7451014048
207.5,18.7198806249
208,18.7020751508
208.5,18.6827834785
209,18.6605207343
209.5,18.6382546335
210,18.6174699007
210.5,18.5937123152
211,18.5758915943
211.5,18.5536126313
212,18.5313302553
212.5,18.5149876703
213,18.4926993506
213.5,18.4704075856
214,18.4481123635
214.5,18.4258136725
215,18.4094590875
215.5,18.3886414466
216,18.3678207563
216.5,18.351459497
217,18.329145637
217.5,18.3098041015
218,18.2859954811
218.5,18.2636712259
219,18.2458092539
219.5,18.2264562008
220,18.2041224063
220.5,18.1802957247
221,18.1624230174
221.5,18.143058302
222,18.1236908586
222.5,18.0968698802
223,18.0774958998
223.5,18.052156537
224,18.0312852771
224.5,18.0074284696
225,17.9895330982
225.5,17.9656689035
226,17.9477679748
226.5,17.9238963477
227,17.9059898278
227.5,17.8806181368
228,17.8597201639
228.5,17.8388188934
229,17.8209008865
229.5,17.7970064198
230,17.7775889662
230.5,17.7581686356
231,17.7387454199
231.5,17.7208137302
232,17.6969009651
232.5,17.6804583828
233,17.6550430095
233.5,17.6400904524
234,17.6176583608
234.5,17.5997098671
235,17.5787667798
235.5,17.5623090898
236,17.5398633622
236.5,17.5219039286
237,17.5009480434
237.5,17.4829830951
238,17.463518184
238.5,17.4470455262
239,17.4290728928
239.5,17.4081015662
240,17.3916216304
240.5,17.3676469316
241,17.3451664597
241.5,17.3211828039
242,17.3016926639
242.5,17.2792002194
243,17.2597034465
243.5,17.2357031721
244,17.2146990772
244.5,17.1936913738
245,17.171179104
245.5,17.150163893
246,17.1336493883
246.5,17.1111259785
247,17.0885983678
247.5,17.0720754428
248,17.0510429804
248.5,17.030006829
249,17.0149787423
249.5,16.9954394016
250,16.9728900261
250.5,16.9563510985
251,16.9307863995
251.5,16.912737403
252,16.8841541769
252.5,16.8615835664
253,16.8329878908
253.5,16.8134184005
254,16.7833050799
254.5,16.7667394309
255,16.7411333205
255.5,16.7230550085
256,16.7019600671
256.5,16.6868898875
257,16.6672957014
257.5,16.6446828675
258,16.6311130237
258.5,16.6084930359
259,16.5903938148
259.5,16.5722917146
260,16.5496600304
260.5,16.5345697293
261,16.5149493268
261.5,16.4983447832
262,16.4802279435
262.5,16.4590879393
263,16.4424751408
263.5,16.4288810175
264,16.409242142
264.5,16.3911108801
265,16.3759992394
265.5,16.3548394893
266,16.3382111389
266.5,16.3185562306
267,16.3004101338
267.5,16.2837735874
268,16.2610833329
268.5,16.2459538913
269,16.2277958036
269.5,16.2126617613
270,16.1960118918
270.5,16.1733034245
271,16.1581618122
271.5,16.1399890894
272,16.1233280827
272.5,16.1051495118
273,16.0869678796
273.5,16.0733296423
274,16.0581740176
274.5,16.0415003606
275,16.0202755921
275.5,16.0066288752
276,15.9884305407
276.5,15.9687121734
277,15.9550588561
277.5,15.9398864461
278,15.923194289
278.5,15.9049816625
279,15.8852477761
279.5,15.8715836928
280,15.8594363533
280.5,15.8442502067
281,15.8214668695
281.5,15.8062752272
282,15.788042345
282.5,15.774365595
283,15.7576471316
283.5,15.7363652042
284,15.7226816639
284.5,15.7105170021
285,15.6922673314
285.5,15.6755356382
286,15.6618440547
286.5,15.6466290521
287,15.631411801
287.5,15.6146702231
288,15.6009705373
288.5,15.5827014406
289,15.5705202307
289.5,15.5491996178
290,15.5339678795
290.5,15.5202573667
291,15.5065450049
291.5,15.4882589745
292,15.4714938815
292.5,15.4562504773
293,15.441004773
293.5,15.4257567643
294,15.412031583
294.5,15.3922030137
295,15.3815244701
295.5,15.3616898712
296,15.3479559236
296.5,15.3311674245
297,15.3159027017
297.5,15.3006356403
298,15.2884203045
298.5,15.273149023
299,15.2563478985
299.5,15.247182448
300,15.2273210592
300.5,15.2150966818
301,15.1967572752
301.5,15.1799431527
302,15.1722994196
302.5,15.1554811132
303,15.1401892418
303.5,15.1248949832
304,15.1080685364
304.5,15.0958292998
305,15.0805280942
305.5,15.0682853991
306,15.0514491775
306.5,15.036140989
307,15.0208303844
307.5,15.0039859234
308,14.9917335635
308.5,14.9764159276
309,14.9610958588
309.5,14.9457733527
310,14.9365786774
310.5,14.9212522628
311,14.9089893684
311.5,14.892125326
312,14.8767917991
312.5,14.8645232058
313,14.8522530353
313.5,14.8353789715
314,14.8215706942
314.5,14.8046911863
315,14.7908784468
315.5,14.7770636944
316,14.7647822218
316.5,14.7478925919
317,14.7356073269
317.5,14.7217844904
318,14.7094958215
318.5,14.69259628
319,14.6787671208
319.5,14.6649359227
320,14.6541769126
320.5,14.6418793864
321,14.6265052035
321.5,14.6080528414
322,14.5972872767
322.5,14.5849822498
323,14.5711371483
323.5,14.557289983
324,14.5434407506
324.5,14.531128584
325,14.5172754384
325.5,14.5018806191
326,14.4926424952
326.5,14.4772435653
327,14.4664627825
327.5,14.4525999196
328,14.4387349653
328.5,14.4233270035
329,14.4063752534
329.5,14.3940447357
330,14.384795756
330.5,14.3709205299
331,14.3585852239
331.5,14.3431637427
332,14.3354520222
332.5,14.3215692769
333,14.3076844093
333.5,14.2953405205
334,14.2814516353
334.5,14.2691041701
335,14.2536674665
335.5,14.2397721763
336,14.2258747445
336.5,14.2119751679
337,14.1996181853
337.5,14.1841695668
338,14.174899119
338.5,14.1609916496
339,14.148627641
339.5,14.1393535131
340,14.1223484449
340.5,14.1099790873
341,14.1007009428
341.5,14.0867819136
342,14.0759544963
342.5,14.0604844687
343,14.0481065052
343.5,14.0388218987
344,14.0279886277
344.5,14.00941422
345,13.9985773461
345.5,13.9908359074
346,13.9784481923
346.5,13.9660587358
347,13.9536675356
347.5,13.9381760795
348,13.9257809472
348.5,13.9133840634
349,13.9040852497
349.5,13.888585032
350,13.8792835828
350.5,13.8637789665
351,13.8498224564
351.5,13.8389658479
352,13.8234540587
352.5,13.7986294381
353,13.7877664342
353.5,13.7737977145
354,13.7536166957
354.5,13.7349838809
355,13.7225597698
355.5,13.7101338683
356,13.6883842252
356.5,13.6759533877
357,13.66041231
357.5,13.6495318802
358,13.6402046979
358.5,13.6277668742
359,13.6106619126
359.5,13.60133049
360,13.591998047
360.5,13.5764417053
361,13.563994586
361.5,13.5515456455
362,13.5422077436
362.5,13.5313122268
363,13.5157447753
363.5,13.5064029317
364,13.4955028114
364.5,13.4861587333
365,13.4721406789
365.5,13.4627940165
366,13.4503301888
366.5,13.4409811085
367,13.4238384314
367.5,13.4129276358
368,13.4020154231
368.5,13.392660969
369,13.3817461205
369.5,13.3723894045
370,13.3614719145
370.5,13.3505529996
371,13.3349520751
371.5,13.3240296934
372,13.3099845291
372.5,13.3037414739
373,13.2928150009
373.5,13.2803258458
374,13.2709577479
374.5,13.2600269646
375,13.2490947411
375.5,13.2397231164
376,13.2256636909
376.5,13.2162894135
377,13.202226004
377.5,13.1928490673
378,13.178781664
378.5,13.1678386906
379,13.1584578417
379.5,13.1443845629
380,13.1350010385
380.5,13.1224880049
381,13.1146663899
381.5,13.1068440289
382,13.092761897
382.5,13.0802424125
383,13.0739819517
383.5,13.0645903612
384,13.0520665603
384.5,13.0411066576
385,13.0301452813
385.5,13.0176161876
386,13.0097845243
386.5,12.997252294
387,12.9862850064
387.5,12.9753162368
388,12.9627786831
388.5,12.9549417269
389,12.9439687134
389.5,12.9361299354
390,12.9282903973
390.5,12.9126090382
391,12.9031987601
391.5,12.8937873837
392,12.8843749079
392.5,12.8718232281
393,12.8671158433
393.5,12.8529920347
394,12.8435747824
394.5,12.8310167268
395,12.8200268144
395.5,12.8090353942
396,12.802753905
396.5,12.7917601118
397,12.7807648063
397.5,12.7681968888
398,12.7603409351
398.5,12.7477697987
399,12.7414834866
399.5,12.7320530876
400,12.7210495424
400.5,12.7100444738
401,12.7021827769
401.5,12.6943203012
402,12.6801658806
402.5,12.6675820504
403,12.6612893852
403.5,12.6518494489
404,12.6424083853
404.5,12.6282446741
405,12.6172266967
405.5,12.6093557702
406,12.5983351521
406.5,12.5873129913
407,12.5762892861
407.5,12.5699893318
408,12.560538453
408.5,12.5526618515
409,12.540057644
409.5,12.5321789851
410,12.5211475311
410.5,12.5132669692
411,12.5038092468
411.5,12.4911971698
412,12.4817367752
412.5,12.4722752336
413,12.4706981983
413.5,12.4565034455
414,12.4486163538
414.5,12.4344175743
415,12.4249502807
415.5,12.4123254277
416,12.4075905785
416.5,12.3965414732
417,12.387069558
417.5,12.3760175265
418,12.3681222521
418.5,12.3618054524
419,12.3507498109
419.5,12.3412722875
420,12.3317936005
420.5,12.3207336602
421,12.3159932
421.5,12.3033505468
422,12.2954478341
422.5,12.2875443096
423,12.2748969803
423.5,12.2654101167
424,12.2575035014
424.5,12.2464328707
425,12.2416878253
425.5,12.2337787632
426,12.2179581876
426.5,12.2084642716
427,12.2021343391
427.5,12.191055695
428,12.1831413934
428.5,12.1783924183
429,12.1657270386
429.5,12.1578101071
430,12.1498923524
430.5,12.1419737739
431,12.1356383175
431.5,12.1245499979
432,12.1166287786
432.5,12.1055376826
433,12.0976144783
433.5,12.0881055398
434,12.0801805125
434.5,12.0722546556
435,12.0643279683
435.5,12.0532292099
436,12.0484721001
436.5,12.0357850087
437,12.0294406631
437.5,12.0151639337
438,12.0088178523
438.5,11.9992977274
439,11.9961240848
439.5,11.9850152813
440,11.9723174954
440.5,11.9675552722
441,11.9596175623
441.5,11.9516790127
442,11.940563631
442.5,11.9278583183
443,11.9246816533
443.5,11.9151508489
444,11.9072075841
444.5,11.897674552
445,11.8881403031
445.5,11.8833727219
446,11.872247181
446.5,11.8611199797
447,11.8515810556
447.5,11.8420409091
448,11.8340898524
448.5,11.8261379453
449,11.8150038454
449.5,11.8118223674
450,11.7990950912
450.5,11.7943217996
451,11.7847742941
451.5,11.7784086068
452,11.7704507281
452.5,11.75930826
453,11.7513483263
453.5,11.744979762
454,11.7354258858
454.5,11.7274633778
455,11.7210927526
455.5,11.7115357826
456,11.7003844175
456.5,11.6940114507
457,11.6908247603
457.5,11.6796702569
458,11.6732954951
458.5,11.6653262652
459,11.6557620477
459.5,11.6493852103
460,11.6398189147
460.5,11.6366298722
461,11.6238723138
461.5,11.6143026864
462,11.6063270409
462.5,11.5983505255
463,11.5903731396
463.5,11.5807991264
464,11.5792033355
464.5,11.5648396466
465,11.5584548768
465.5,11.5504731278
466,11.5440870989
466.5,11.5329102003
467,11.5265226302
467.5,11.5185373784
468,11.5121485452
468.5,11.5057591502
469,11.4977716156
469.5,11.4897832018
470,11.4801959437
470.5,11.4754018391
471,11.4658126781
471.5,11.4578207405
472,11.4498279201
472.5,11.4450318039
473,11.4354386168
473.5,11.4306415456
474,11.4162484197
474.5,11.4114500731
475,11.405051781
475.5,11.3954532781
476,11.3874535487
476.5,11.3778527001
477,11.3730517955
477.5,11.3618484382
478,11.353844971
478.5,11.3474415552
479,11.3410375683
479.5,11.333031781
480,11.3282278797
480.5,11.3154159025
481,11.3122125502
481.5,11.3090090547
482,11.296193639
482.5,11.2865805707
483,11.2801711404
483.5,11.2753636904
484,11.2689532539
484.5,11.2625422418
485,11.2529246438
485.5,11.2481153586
486,11.2400991622
486.5,11.2336855559
487,11.2256677358
487.5,11.2208566103
488,11.2144412704
488.5,11.2064212818
489,11.1967961011
489.5,11.1871696164
490,11.1823558846
490.5,11.1759370677
491,11.16951767
491.5,11.1647027404
492,11.1534666326
492.5,11.1422287422
493,11.1438342643
493.5,11.1309890674
494,11.1261715171
494.5,11.1181415371
495,11.1117168961
495.5,11.103685273
496,11.0972593165
496.5,11.0908327747
497,11.0844056474
497.5,11.0715496344
498,11.0699424679
498.5,11.0635134348
499,11.0538687841
499.5,11.045830565
500,11.0426150201
500.5,11.0313594544
501,11.0233186602
501.5,11.0184937417
502,11.0120600009
502.5,11.0024082832
503,10.9991907487
503.5,10.9895372587
504,10.9847100147
504.5,10.9782731717
505,10.9670072717
505.5,10.9605687996
506,10.9541297345
506.5,10.9493000463
507,10.9412498236
507.5,10.9412498236
508,10.929977952
508.5,10.9251465923
509,10.9203148979
509.5,10.9090396415
510,10.9058178045
510.5,10.8977625598
511,10.8929289655
511.5,10.8864836507
512,10.8800377386
512.5,10.8687559538
513,10.8623083971
513.5,10.8590843942
514,10.8510237318
514.5,10.8461868848
515,10.8429621328
515.5,10.8332869767
516,10.8268361222
516.5,10.8252233147
517,10.8155456809
517.5,10.8090931733
518,10.8042533977
518.5,10.791345673
519,10.7848909066
519.5,10.7784355369
520,10.7703654759
520.5,10.7655229863
521,10.7622944711
521.5,10.7509934771
522,10.7526080183
522.5,10.7429202039
523,10.736460904
523.5,10.7283859268
524,10.7251556705
524.5,10.7154639916
525,10.7073865488
525.5,10.7057709463
526,10.6944606647
526.5,10.68799681
527,10.6847646544
527.5,10.6799161354
528,10.6702180689
528.5,10.6669850752
529,10.6572851786
529.5,10.6508178176
530,10.6475839079
530.5,10.6362640204
531,10.6362640204
531.5,10.6297946719
532,10.6233247112
532.5,10.6184718385
533,10.6103829511
533.5,10.6022931052
534,10.6006750209
534.5,10.5861105347
535,10.5844920664
535.5,10.5747804491
536,10.5683052682
536.5,10.5618294713
537,10.5569722192
537.5,10.5456372818
538,10.5423983812
538.5,10.5294412343
539,10.5245816669
539.5,10.5197217515
540,10.5083805949
540.5,10.5018990823
541,10.4937963199
541.5,10.4856925881
542,10.4759668294
542.5,10.4694822135
543,10.4597541238
543.5,10.4581326394
544,10.4484029157
544.5,10.4419156545
545,10.430561447
545.5,10.4256947731
546,10.4208277479
546.5,10.409469989
547,10.4029789813
547.5,10.3964873478
548,10.3964873478
548.5,10.3883719254
549,10.3753852126
549.5,10.373761697
550,10.3672672428
550.5,10.3607721606
551,10.3559004366
551.5,10.3510283591
552,10.3429074437
552.5,10.3380344224
553,10.3347855449
553.5,10.3299119332
554,10.323413233
554.5,10.3152889709
555,10.3136640002
555.5,10.3022881004
556,10.299037488
556.5,10.2909102657
557,10.2876591001
557.5,10.2827820551
558,10.2746528554
558.5,10.2681487831
559,10.2616440768
559.5,10.2600178012
560,10.2518858281
560.5,10.2502593145
561,10.2404993992
561.5,10.2388726076
562,10.2307380538
562.5,10.2258568445
563,10.2193480085
563.5,10.2160933518
564,10.2063284257
564.5,10.2030731316
565,10.196562065
565.5,10.1916783463
566,10.1851661626
566.5,10.1770250345
567,10.1705114127
567.5,10.1656257765
568,10.1607397803
568.5,10.1542245584
569,10.1493377214
569.5,10.1411921917
570,10.1411921917
570.5,10.1379336992
571,10.1297867658
571.5,10.1265277115
572,10.1200091211
572.5,10.1151197564
573,10.1118599789
573.5,10.1037098316
574,10.100449491
574.5,10.0955586782
575,10.085775965
575.5,10.0792533502
576,10.0759918008
576.5,10.0710991741
577,10.0645751066
577.5,10.059681632
578,10.0547877937
578.5,10.0515250327
579,10.0449990253
579.5,10.0401040949
580,10.0352088002
580.5,10.0319450678
581,10.0270491655
581.5,10.0205207281
582,10.0090944011
582.5,10.0090944011
583,10.0025641782
583.5,9.99440048538
584,9.99440048538
584.5,9.98950178185
585,9.98460271222
585.5,9.97480347396
586,9.9715367354
586.5,9.96336917581
587,9.96173554158
587.5,9.95520059675
588,9.9519328795
588.5,9.94376287187
589,9.93722613043
589.5,9.93232314514
590,9.92741979176
590.5,9.92251607012
591,9.91434238192
591.5,9.91434238192
592,9.90453260408
592.5,9.90126235015
593,9.89472135002
593.5,9.8930859974
594,9.88654417633
594.5,9.88163737926
595,9.87509440782
595.5,9.87182267541
596,9.87182267541
596.5,9.86364262445
597,9.85873409996
597.5,9.85218882403
598,9.84891593885
598.5,9.8407330044
599,9.83745954189
599.5,9.83418591432
600,9.82600112291
600.5,9.82436404072
601,9.81290330819
601.5,9.81290330819
602,9.80799094538
602.5,9.80635340836
603,9.79652731688
603.5,9.79325162173
604,9.78506165856
604.5,9.78014718307
605,9.77523233418
605.5,9.77195556073
606,9.76376290036
606.5,9.76048554539
607,9.75556920118
607.5,9.75393033661
608,9.74737446236
608.5,9.74901349334
609,9.73917868313
609.5,9.73426071585
610,9.73098186267
610.5,9.72114430257
611,9.71950456324
611.5,9.71294518859
612,9.70802521923
612.5,9.70146467526
613,9.69982443479
613.5,9.69326305482
614,9.68998211388
614.5,9.68670100558
615,9.68341972986
615.5,9.68013828667
616,9.67521580777
616.5,9.67193394567
617,9.66372855686
617.5,9.66044610776
618,9.65552211941
618.5,9.64567300915
619,9.64238963634
619.5,9.63582238632
620,9.63418046869
620.5,9.632538509
621,9.6276123775
621.5,9.62268586721
622,9.61775897797
622.5,9.61611659731
623,9.60790406189
623.5,9.60461875261
624,9.60297603471
624.5,9.59311884119
625,9.59147582786
625.5,9.58818967451
626,9.57997355174
626.5,9.57668680676
627,9.57011280927
627.5,9.56846920413
628,9.56353813475
628.5,9.56353813475
629,9.5586066843
629.5,9.55367485261
630,9.54874263951
630.5,9.54381004481
631,9.53887706835
631.5,9.53558820519
632,9.5290099694
632.5,9.52407584657
633,9.51914134126
633.5,9.51256140559
634,9.50762600716
634.5,9.50598078923
635,9.49939949176
635.5,9.49939949176
636,9.48952626757
636.5,9.48788058102
637,9.48129740835
637.5,9.47965150854
638,9.47471355301
638.5,9.47306748245
639,9.46812901456
639.5,9.45989738026
640,9.45660442732
640.5,9.45660442732
641,9.45001800818
641.5,9.44837129644
642,9.44343090438
642.5,9.43354896398
643,9.43519606115
643.5,9.42696014664
644,9.43025464105
644.5,9.42531283511
645,9.415428065
645.5,9.4137804531
646,9.40883735974
646.5,9.40718957605
647,9.398950013
647.5,9.39565388686
648,9.39565388686
648.5,9.39070937505
649,9.38906111839
649.5,9.37917067448
650,9.37752211643
650.5,9.37257618378
651,9.36598100343
651.5,9.35938513303
652,9.36103416535
652.5,9.35278857214
653,9.34784069809
653.5,9.34124292783
654,9.34619132034
654.5,9.33464446592
655,9.33299474232
655.5,9.32969516533
656,9.32804531193
656.5,9.323095492
657,9.31814528236
657.5,9.31319468283
658,9.30824369323
658.5,9.30659327665
659,9.30164176667
659.5,9.29338838219
660,9.29173757505
660.5,9.28513391218
661,9.28348288784
661.5,9.28183182003
662,9.27852955402
662.5,9.27192450017
663,9.27192450017
663.5,9.26531875019
664,9.26366720387
664.5,9.26201561401
665,9.25871230365
665.5,9.25045326529
666,9.25045326529
666.5,9.24219313706
667,9.24714934483
667.5,9.23227954337
668,9.23062712495
668.5,9.23062712495
669,9.22732215709
669.5,9.22071169704
670,9.21905897275
670.5,9.21244763832
671,9.21410053754
671.5,9.21244763832
672,9.20418248588
672.5,9.20087611847
673,9.19591623887
673.5,9.19426285805
674,9.1926094334
674.5,9.18930245261
675,9.18268796486
675.5,9.17938045778
676,9.17441886803
676.5,9.17276491698
677,9.16614867361
677.5,9.16945688315
678,9.16284028833
678.5,9.16118602977
679,9.15456855586
679.5,9.14960498862
680,9.14960498862
680.5,9.14629572377
681,9.14464102533
681.5,9.13802179122
682,9.13140185228
682.5,9.12974675736
683,9.12809161836
683.5,9.12147062135
684,9.11981526181
684.5,9.11650441036
685,9.1115378021
685.5,9.10491503948
686,9.10160339307
686.5,9.09829156985
687,9.09497956978
687.5,9.09332350341
688,9.08504250786
688.5,9.08338617597
689,9.08007337936
689.5,9.07841691462
690,9.07510385225
690.5,9.07013392636
691,9.06682042079
691.5,9.06350673784
692,9.05853588073
692.5,9.05853588073
693,9.05356462421
693.5,9.05190744991
694,9.04527830862
694.5,9.04693566058
695,9.04362091223
695.5,9.03864845641
696,9.03036014075
696.5,9.02704450308
697,9.02870234417
697.5,9.0204126936
698,9.0187546299
698.5,9.01709652167
699,9.01212192966
699.5,9.01046364319
700,9.00548851631
700.5,9.00217154208
701,8.99553705826
701.5,8.99553705826
702,8.99056072672
702.5,8.98890186024
703,8.98558399327
703.5,8.98226594758
704,8.98060685771
704.5,8.97562931986
705,8.9723107377
705.5,8.9723107377
706,8.96733252896
706.5,8.96235391743
707,8.95903461921
707.5,8.95737490293
708,8.95903461921
708.5,8.95239548528
709,8.95073558977
709.5,8.94409555945
710,8.94409555945
710.5,8.94077527522
711,8.93247377941
711.5,8.93247377941
712,8.93081334558
712.5,8.91918905105
713,8.92417116114
713.5,8.91586741956
714,8.91420653637
714.5,8.91254560821
715,8.90590144568
715.5,8.90424029255
716,8.9025790944
716.5,8.89759522978
717,8.89094944633
717.5,8.88762628421
718,8.88928788781
718.5,8.88596463553
719,8.88097941891
719.5,8.87931758982
720,8.87765571561
720.5,8.87433183181
721,8.87100776745
721.5,8.86602133224
722,8.86103449047
722.5,8.85770970332
723,8.85438473534
723.5,8.85438473534
724,8.84773425665
724.5,8.85105958647
725,8.84607152387
725.5,8.84607152387
726,8.84440874583
726.5,8.83775718096
727,8.8344311268
727.5,8.83276803177
728,8.82611519843
728.5,8.82278850974
729,8.82112509737
729.5,8.81779813654
730,8.80947994026
730.5,8.81280735496
731,8.80615234393
731.5,8.8028245659
732,8.80116060873
732.5,8.79949660612
733,8.79284014107
733.5,8.79117591113
734,8.79450432554
734.5,8.78784731478
735,8.78285407897
735.5,8.78451853642
736,8.7761957939
736.5,8.7761957939
737,8.77286637809
737.5,8.77286637809
738,8.76787191264
738.5,8.76454204109
739,8.76287703692
739.5,8.76121198715
740,8.76121198715
740.5,8.75288605396
741,8.75122073041
741.5,8.74622448579
742,8.74622448579
742.5,8.74455897958
743,8.73623076314
743.5,8.73789649784
744,8.73456498273
744.5,8.72790140377
745,8.72790140377
745.5,8.71790466262
746,8.72123709277
746.5,8.71290567391
747,8.71623837885
747.5,8.71790466262
748,8.7095727857
748.5,8.7095727857
749,8.70457310966
749.5,8.70123976305
750,8.69790623299
750.5,8.69790623299
751,8.69123862225
751.5,8.69123862225
752,8.68290307588
752.5,8.68457027701
753,8.68123582881
753.5,8.67623381187
754,8.67456638096
754.5,8.67289890407
755,8.66456082972
755.5,8.66456082972
756,8.66289307682
756.5,8.66122527789
757,8.65788954193
757.5,8.65288559261
758,8.65121751738
758.5,8.64788122868
759,8.64954939607
759.5,8.64287644993
760,8.63953970022
760.5,8.63620276601
761,8.63119701862
761.5,8.63119701862
762,8.63286564724
762.5,8.62785962291
763,8.62118427733
763.5,8.62118427733
764,8.61617728303
764.5,8.61784632735
765,8.61283905573
765.5,8.60783136796
766,8.60449267816
766.5,8.59948429639
767,8.60282326385
767.5,8.59614514374
768,8.59447549796
768.5,8.59113606744
769,8.58612657415
769.5,8.59280580586
770,8.58612657415
770.5,8.57944660081
771,8.57777649154
771.5,8.57610633589
772,8.57276588539
772.5,8.57109559053
773,8.56775486155
773.5,8.56441394685
774,8.56441394685
774.5,8.55940222645
775,8.55940222645
775.5,8.55439008786
776,8.55439008786
776.5,8.54937753089
777,8.54937753089
777.5,8.54269347044
778,8.54603559371
778.5,8.53935116102
779,8.53935116102
779.5,8.53433734775
780,8.5360086654
780.5,8.53266598352
781,8.52598006073
781.5,8.52096512928
782,8.51929339222
782.5,8.51594977817
783,8.51594977817
783.5,8.51260597751
784,8.50758992652
784.5,8.50591781616
785,8.50591781616
785.5,8.50090120488
786,8.4992289077
786.5,8.4942117358
787,8.4942117358
787.5,8.4891941432
788,8.49086672082
788.5,8.48584884765
789,8.48584884765
789.5,8.48083055346
790,8.48083055346
790.5,8.47413883928
791,8.47079270124
791.5,8.47079270124
792,8.47079270124
792.5,8.46409986297
793,8.46577314283
793.5,8.45740627473
794,8.45573276043
794.5,8.45740627473
795,8.45405919923
795.5,8.44736448517
796,8.44569068931
796.5,8.4440168465
797,8.44234295673
797.5,8.44234295673
798,8.4373210056
798.5,8.43397280324
799,8.42895014718
799.5,8.42895014718
800,8.42560147469
800.5,8.42392706789
801,8.42225261405
801.5,8.4189035652
802,8.41722897017
802.5,8.41555432808
803,8.4088552888
803.5,8.4088552888
804,8.4088552888
804.5,8.40550548652
805,8.4038305147
805.5,8.40048042966
806,8.39713015602
806.5,8.39880531642
807,8.39377969375
807.5,8.39042904277
808,8.38540271236
808.5,8.38372717447
809,8.37870027748
809.5,8.38037595704
810,8.38037595704
810.5,8.37534877663
811,8.37032117091
811.5,8.37367295532
812,8.37032117091
812.5,8.3686452078
813,8.36026468282
813.5,8.36361703472
814,8.35691214164
814.5,8.3585884359
815,8.35355941112
815.5,8.35188297484
816,8.34685338183
816.5,8.34517675609
817,8.34517675609
817.5,8.34517675609
818,8.33846977916
818.5,8.33679291641
819,8.33846977916
819.5,8.33343904864
820,8.33343904864
820.5,8.32505354895
821,8.32840789119
821.5,8.32002167953
822,8.32337630662
822.5,8.31498938265
823,8.31666686245
823.5,8.30492350576
824,8.30995665813
824.5,8.3116342805
825,8.30492350576
825.5,8.30660127077
826,8.30156783307
826.5,8.29821197007
827,8.29821197007
827.5,8.29485591672
828,8.29653396719
828.5,8.29485591672
829,8.28982147965
829.5,8.28478661395
830,8.27975131942
830.5,8.27975131942
831,8.28142979859
831.5,8.27639421807
832,8.27303692598
832.5,8.27135820839
833,8.27303692598
833.5,8.26296390472
834,8.26128490079
834.5,8.26296390472
835,8.25792674967
835.5,8.25624760247
836,8.24953053587
836.5,8.25120987421
837,8.25120987421
837.5,8.2461717158
838,8.24449223404
838.5,8.24449223404
839,8.23945350181
839.5,8.23441433897
840,8.23441433897
840.5,8.23105465776
841,8.23105465776
841.5,8.22601477681
842,8.22601477681
842.5,8.22265461667
843,8.22265461667
843.5,8.21929426486
844,8.21929426486
844.5,8.21593372132
845,8.21257298599
845.5,8.20921205882
846,8.20921205882
846.5,8.20585093973
847,8.20080890115
847.5,8.20248962868
848,8.20080890115
848.5,8.19408551082
849,8.19408551082
849.5,8.19072352743
850,8.19072352743
850.5,8.18568019189
851,8.18399898389
851.5,8.18568019189
852,8.18399898389
852.5,8.17895507135
853,8.17895507135
853.5,8.17054758817
854,8.17054758817
854.5,8.16886594713
855,8.16382073504
855.5,8.16213890134
856,8.16213890134
856.5,8.16045701946
857,8.15541108463
857.5,8.15709311111
858,8.15372900994
858.5,8.15541108463
859,8.15541108463
859.5,8.15204688703
860,8.14700022891
860.5,8.14363554892
861,8.14531791304
861.5,8.13858816695
862,8.13522300422
862.5,8.13522300422
863,8.13522300422
863.5,8.1335403504
864,8.13185764828
864.5,8.13017489784
865,8.12344341278
865.5,8.1183942913
866,8.12007738016
866.5,8.1183942913
867,8.1183942913
867.5,8.11334473445
868,8.11334473445
868.5,8.10829474203
869,8.10829474203
869.5,8.10156074089
870,8.10156074089
870.5,8.10156074089
871,8.09650973134
871.5,8.09145828555
872,8.09650973134
872.5,8.09145828555
873,8.08977437331
873.5,8.08809041257
874,8.08472234556
874.5,8.08640640332
875,8.08135408445
875.5,8.07966988109
876,8.07461697971
876.5,8.07461697971
877,8.07461697971
877.5,8.07124813596
878,8.06619450595
878.5,8.06282517627
879,8.06450986542
879.5,8.06282517627
880,8.0594556521
880.5,8.0594556521
881,8.0560859334
881.5,8.0560859334
882,8.05103099044
882.5,8.05271602009
883,8.04766078513
883.5,8.04934591213
884,8.04597560944
884.5,8.04091979019
885,8.03754900045
885.5,8.03754900045
886,8.03417801579
886.5,8.03417801579
887,8.03249245034
887.5,8.03080683613
888,8.02912117316
888.5,8.02406389162
889,8.02406389162
889.5,8.02237803354
890,8.02069212665
890.5,8.01563411312
891,8.00888941144
891.5,8.01057566013
892,8.00888941144
892.5,8.0072031139
893,8.0038303722
893.5,8.0038303722
894,8.00551676748
894.5,7.99708430216
895,7.99708430216
895.5,7.99708430216
896,7.99539766239
896.5,7.9937109737
897,7.99539766239
897.5,7.9937109737
898,7.99033744954
898.5,7.98865061405
899,7.98696372961
899.5,7.98358981386
900,7.98021570223
900.5,7.98190278253
901,7.97852857293
901.5,7.97852857293
902,7.97852857293
902.5,7.97515416736
903,7.97177956575
903.5,7.96840476804
904,7.96502977418
904.5,7.96502977418
905,7.96502977418
905.5,7.96502977418
906,7.96165458411
906.5,7.95659143096
907,7.95659143096
907.5,7.95659143096
908,7.94983987279
908.5,7.95490361508
909,7.94815186046
909.5,7.94815186046
910,7.94477568841
910.5,7.94308752868
911,7.94477568841
911.5,7.94139931979
912,7.94139931979
912.5,7.93802275452
913,7.93802275452
913.5,7.93464599257
914,7.93295753781
914.5,7.93126903385
915,7.92620322673
915.5,7.92789187832
916,7.92620322673
916.5,7.92282577586
917,7.92451452591
917.5,7.92451452591
918,7.91775923022
918.5,7.92113697657
919,7.91438128682
919.5,7.91607028316
920,7.9110031463
920.5,7.90931400211
921,7.9059355658
921.5,7.9059355658
922,7.90424627367
922.5,7.90086754143
923,7.89917810131
923.5,7.90255693222
924,7.89917810131
924.5,7.89917810131
925,7.89579907301
925.5,7.89410948482
926,7.88735063829
926.5,7.889040424
927,7.89073016032
927.5,7.88397091865
928,7.88228098471
928.5,7.88397091865
929,7.88228098471
929.5,7.88397091865
930,7.87552075464
930.5,7.87721088632
931,7.87383057351
931.5,7.87383057351
932,7.87214034292
932.5,7.86875973332
933,7.86368844778
933.5,7.8670693543
934,7.8670693543
934.5,7.86368844778
935,7.86368844778
935.5,7.85861671667
936,7.86199792026
936.5,7.85354453981
937,7.85692604059
937.5,7.85185371509
938,7.85016284082
938.5,7.85185371509
939,7.84678094356
939.5,7.84678094356
940,7.84847191698
940.5,7.84001655399
941,7.84339884797
941.5,7.83832533259
942,7.84170772579
942.5,7.83663406156
943,7.83832533259
943.5,7.83663406156
944,7.83325137062
944.5,7.83155995069
945,7.83155995069
945.5,7.82986848111
946,7.82817696187
946.5,7.82986848111
947,7.82141038817
947.5,7.82479377438
948,7.81802680318
948.5,7.81464301934
949,7.81633493612
949.5,7.81633493612
950,7.81295105283
950.5,7.81125903659
951,7.81295105283
951.5,7.80787485487
952,7.80618268938
952.5,7.80449047412
953,7.80449047412
953.5,7.80449047412
954,7.80279820909
954.5,7.79941352969
955,7.80110589428
955.5,7.7943361371
956,7.7943361371
956.5,7.79941352969
957,7.7943361371
957.5,7.7943361371
958,7.79095095962
958.5,7.78925829614
959,7.78587281964
959.5,7.78925829614
960,7.78418000661
960.5,7.78079423095
961,7.77740825578
961.5,7.78079423095
962,7.77571519335
962.5,7.77232891878
963,7.77740825578
963.5,7.77232891878
964,7.77232891878
964.5,7.77232891878
965,7.76894244455
965.5,7.76724913253
966,7.76894244455
966.5,7.76386235867
967,7.76386235867
967.5,7.7587818232
968,7.7587818232
968.5,7.75539454967
969,7.75708821143
969.5,7.75708821143
970,7.75370083792
970.5,7.75539454967
971,7.7503132644
971.5,7.74861940262
972,7.74692549081
972.5,7.74861940262
973,7.7435375171
973.5,7.7435375171
974,7.74184345517
974.5,7.74184345517
975,7.74014934319
975.5,7.73676096903
976,7.73676096903
976.5,7.73167803219
977,7.73167803219
977.5,7.73167803219
978,7.72828915713
978.5,7.72998361971
979,7.7249000816
979.5,7.7249000816
980,7.72320546865
980.5,7.72151080555
981,7.71981609231
981.5,7.71981609231
982,7.71642651534
982.5,7.71981609231
983,7.71642651534
983.5,7.71473165161
984,7.71134177361
984.5,7.70964675932
985,7.70795169482
985.5,7.70964675932
986,7.70795169482
986.5,7.70286620007
987,7.70795169482
987.5,7.70117093469
988,7.70286620007
988.5,7.69778025322
989,7.70117093469
989.5,7.69438937073
990,7.69947561908
990.5,7.69778025322
991,7.69099828715
991.5,7.68930266994
992,7.68930266994
992.5,7.68930266994
993,7.68930266994
993.5,7.68421551651
994,7.68591128462
994.5,7.68760700243
995,7.68421551651
995.5,7.68251969807
996,7.68251969807
996.5,7.68082382931
997,7.67743194079
997.5,7.68082382931
998,7.67403985088
998.5,7.67573592102
999,7.67064755952
999.5,7.67403985088
1000,7.67064755952
1000.5,7.66895133827
1001,7.66895133827
1001.5,7.66555874462
1002,7.66555874462
1002.5,7.66386237219
1003,7.66216594935
1003.5,7.66216594935
1004,7.6604694761
1004.5,7.65877295242
1005,7.65707637831
1005.5,7.65707637831
